id,age,sex,region,income,married,children,car,save_act,current_act,mortgage,pep
ID12101,48,FEMALE,INNER_CITY,17546,NO,1,NO,NO,NO,NO,YES
ID12102,40,MALE,TOWN,30085.1,YES,3,YES,NO,YES,YES,NO
ID12103,51,FEMALE,INNER_CITY,16575.4,YES,0,YES,YES,YES,NO,NO
ID12104,23,FEMALE,TOWN,20375.4,YES,3,NO,NO,YES,NO,NO
ID12105,57,FEMALE,RURAL,50576.3,YES,0,NO,YES,NO,NO,NO
ID12106,57,FEMALE,TOWN,37869.6,YES,2,NO,YES,YES,NO,YES
ID12107,22,MALE,RURAL,8877.07,NO,0,NO,NO,YES,NO,YES
ID12108,58,MALE,TOWN,24946.6,YES,0,YES,YES,YES,NO,NO
ID12110,54,MALE,TOWN,24212.1,YES,2,YES,YES,YES,NO,NO
ID12111,66,FEMALE,TOWN,59803.9,YES,0,NO,YES,YES,NO,NO
ID12112,52,FEMALE,INNER_CITY,26658.8,NO,0,YES,YES,YES,YES,NO
ID12113,44,FEMALE,TOWN,15735.8,YES,1,NO,YES,YES,YES,YES
ID12115,36,MALE,RURAL,19474.6,YES,0,NO,YES,YES,YES,NO
ID12116,38,FEMALE,INNER_CITY,22342.1,YES,0,YES,YES,YES,YES,NO
ID12117,37,FEMALE,TOWN,17729.8,YES,2,NO,NO,NO,YES,NO
ID12121,61,MALE,INNER_CITY,57880.7,YES,2,NO,YES,NO,NO,YES
ID12122,50,MALE,TOWN,16497.3,YES,2,NO,YES,YES,NO,NO
ID12123,54,MALE,INNER_CITY,38446.6,YES,0,NO,YES,YES,NO,NO
ID12124,27,FEMALE,TOWN,15538.8,NO,0,YES,YES,YES,YES,NO
ID12125,22,MALE,INNER_CITY,12640.3,NO,2,YES,YES,YES,NO,NO
ID12126,56,MALE,INNER_CITY,41034,YES,0,YES,YES,YES,YES,NO
ID12127,45,MALE,INNER_CITY,20809.7,YES,0,NO,YES,YES,YES,NO
ID12128,39,FEMALE,TOWN,20114,YES,1,NO,NO,YES,NO,YES
ID12129,39,FEMALE,INNER_CITY,29359.1,NO,3,YES,NO,YES,YES,NO
ID12130,61,MALE,RURAL,24270.1,YES,1,NO,NO,YES,NO,YES
ID12131,61,FEMALE,RURAL,22942.9,YES,2,NO,YES,YES,NO,NO
ID12132,20,FEMALE,TOWN,16325.8,YES,2,NO,YES,NO,NO,NO
ID12134,33,FEMALE,INNER_CITY,29921.3,NO,3,YES,YES,NO,NO,NO
ID12135,43,MALE,SUBURBAN,37521.9,NO,0,NO,YES,YES,NO,YES
ID12137,19,MALE,RURAL,10953,YES,3,YES,YES,YES,NO,NO
ID12138,36,FEMALE,RURAL,13381,NO,0,YES,NO,YES,NO,YES
ID12140,66,FEMALE,SUBURBAN,25391.5,NO,2,NO,NO,YES,NO,NO
ID12143,67,MALE,TOWN,55716.5,NO,2,YES,YES,NO,NO,YES
ID12144,32,FEMALE,TOWN,27571.5,YES,0,YES,NO,YES,YES,NO
ID12145,20,MALE,INNER_CITY,13740,NO,2,YES,YES,YES,YES,NO
ID12146,64,MALE,INNER_CITY,52670.6,YES,2,NO,YES,YES,YES,YES
ID12147,50,FEMALE,INNER_CITY,13283.9,NO,1,YES,YES,YES,NO,YES
ID12149,52,MALE,INNER_CITY,39547.8,NO,2,YES,NO,YES,NO,YES
ID12151,24,MALE,TOWN,14309.7,NO,2,YES,YES,NO,NO,NO
ID12154,48,MALE,SUBURBAN,29794.1,NO,1,NO,YES,YES,NO,YES
ID12155,63,MALE,TOWN,56842.5,YES,0,NO,YES,YES,YES,NO
ID12156,52,FEMALE,RURAL,47835.8,NO,3,NO,YES,NO,NO,YES
ID12157,58,FEMALE,INNER_CITY,24977.5,NO,0,NO,NO,YES,NO,YES
ID12159,29,FEMALE,INNER_CITY,15143.8,YES,0,NO,NO,YES,NO,NO
ID12160,34,MALE,INNER_CITY,25334.3,NO,1,YES,YES,YES,YES,YES
ID12163,47,MALE,INNER_CITY,27022.6,YES,2,NO,YES,YES,NO,NO
ID12164,20,MALE,INNER_CITY,11700.4,YES,0,NO,YES,NO,NO,NO
ID12165,21,MALE,TOWN,5014.21,NO,0,YES,YES,YES,YES,NO
ID12166,42,MALE,INNER_CITY,17390.1,YES,0,NO,YES,YES,NO,NO
ID12167,19,MALE,TOWN,10861,NO,2,NO,YES,YES,NO,NO
ID12168,41,FEMALE,TOWN,34892.9,NO,0,NO,YES,YES,YES,NO
ID12169,30,MALE,TOWN,19403.1,NO,2,NO,YES,YES,NO,NO
ID12170,31,FEMALE,RURAL,10441.9,YES,2,NO,NO,YES,NO,YES
ID12171,25,MALE,INNER_CITY,14064.9,YES,3,YES,YES,YES,NO,NO
ID12175,64,FEMALE,INNER_CITY,52674,NO,2,YES,YES,YES,NO,YES
ID12177,45,FEMALE,TOWN,26948,NO,0,NO,YES,YES,YES,NO
ID12178,61,MALE,INNER_CITY,49456.7,YES,1,YES,YES,YES,YES,YES
ID12179,30,FEMALE,INNER_CITY,14724.5,YES,0,YES,NO,YES,NO,NO
ID12180,58,FEMALE,TOWN,34524.9,YES,2,YES,YES,NO,NO,YES
ID12184,35,MALE,INNER_CITY,16394.4,YES,1,NO,YES,YES,NO,YES
ID12186,36,MALE,INNER_CITY,31683.1,YES,1,YES,YES,YES,NO,YES
ID12187,25,FEMALE,INNER_CITY,15525,YES,0,NO,YES,YES,NO,NO
ID12189,30,MALE,SUBURBAN,15848.7,YES,0,YES,YES,NO,YES,NO
ID12190,54,FEMALE,INNER_CITY,31095.6,YES,2,NO,NO,YES,NO,YES
ID12191,37,MALE,TOWN,24814.5,YES,1,YES,NO,YES,YES,YES
ID12193,53,FEMALE,RURAL,34866.5,NO,0,NO,NO,YES,NO,YES
ID12194,61,MALE,INNER_CITY,42579.1,YES,2,YES,YES,YES,NO,NO
ID12195,61,FEMALE,INNER_CITY,41127.4,YES,0,YES,YES,NO,NO,NO
ID12196,18,FEMALE,INNER_CITY,9990.11,YES,0,NO,YES,YES,NO,NO
ID12199,35,FEMALE,INNER_CITY,12125.8,NO,2,NO,YES,YES,NO,NO
ID12203,42,MALE,INNER_CITY,15499.9,YES,0,YES,NO,YES,YES,YES
ID12204,43,MALE,TOWN,33088.5,NO,0,NO,YES,YES,YES,NO
ID12206,43,MALE,TOWN,32395.5,YES,3,YES,YES,YES,NO,NO
ID12207,49,MALE,RURAL,46633,YES,0,YES,YES,NO,NO,NO
ID12209,23,MALE,INNER_CITY,12681.9,NO,0,NO,YES,YES,NO,YES
ID12210,30,FEMALE,INNER_CITY,24031.5,YES,2,YES,YES,YES,YES,NO
ID12211,36,MALE,TOWN,37330.5,NO,2,NO,YES,YES,NO,YES
ID12212,34,MALE,INNER_CITY,25333.2,YES,3,YES,NO,NO,YES,NO
ID12216,54,FEMALE,INNER_CITY,47796.8,YES,0,NO,YES,YES,NO,NO
ID12217,56,FEMALE,TOWN,21730.3,YES,2,NO,YES,NO,NO,NO
ID12221,46,MALE,RURAL,29525.5,NO,2,NO,YES,NO,YES,NO
ID12222,62,FEMALE,RURAL,54863.8,YES,1,YES,YES,YES,NO,YES
ID12224,35,FEMALE,RURAL,33028.3,NO,1,NO,YES,YES,NO,YES
ID12227,37,FEMALE,TOWN,25257.7,YES,0,YES,YES,YES,NO,NO
ID12228,48,FEMALE,INNER_CITY,42603.9,YES,0,NO,YES,YES,NO,NO
ID12230,27,FEMALE,RURAL,21350.3,NO,0,YES,YES,YES,NO,YES
ID12231,43,MALE,INNER_CITY,23246.4,NO,2,NO,NO,YES,NO,NO
ID12232,61,MALE,RURAL,41609.5,YES,3,NO,YES,YES,YES,NO
ID12234,64,FEMALE,SUBURBAN,36436.4,YES,0,YES,NO,YES,NO,NO
ID12235,66,FEMALE,TOWN,59503.8,YES,2,YES,YES,YES,YES,YES
ID12236,53,FEMALE,TOWN,31334.8,YES,1,YES,YES,YES,NO,YES
ID12237,20,FEMALE,INNER_CITY,14048.9,YES,2,YES,NO,YES,YES,NO
ID12238,57,FEMALE,INNER_CITY,39205.3,NO,0,NO,YES,YES,NO,YES
ID12240,64,FEMALE,INNER_CITY,55263,NO,1,NO,YES,YES,NO,YES
ID12241,52,MALE,INNER_CITY,37095.2,YES,3,NO,YES,YES,NO,NO
ID12242,47,FEMALE,INNER_CITY,22791.4,YES,0,NO,NO,YES,NO,NO
ID12243,28,FEMALE,TOWN,17240.6,YES,1,YES,NO,NO,YES,NO
ID12244,64,MALE,TOWN,48974.8,YES,0,YES,YES,YES,YES,NO
ID12245,25,MALE,INNER_CITY,18923,YES,1,NO,YES,YES,NO,YES
ID12246,58,MALE,SUBURBAN,51204.2,YES,0,NO,YES,NO,YES,YES
ID12247,34,MALE,TOWN,20236.2,YES,2,YES,NO,YES,NO,NO
ID12249,63,MALE,RURAL,25732.5,YES,0,YES,YES,NO,NO,NO
ID12250,30,FEMALE,SUBURBAN,28240.4,YES,3,YES,YES,YES,NO,NO
ID12252,43,MALE,TOWN,36432.8,NO,2,YES,NO,YES,NO,YES
ID12255,41,MALE,RURAL,23356.1,NO,2,YES,NO,NO,NO,NO
ID12256,20,FEMALE,SUBURBAN,8143.75,YES,2,NO,YES,YES,NO,YES
ID12257,50,MALE,TOWN,26462.5,YES,0,YES,YES,YES,NO,NO
ID12258,24,MALE,RURAL,20467.3,YES,2,YES,YES,YES,NO,NO
ID12260,44,FEMALE,TOWN,15315.3,YES,1,NO,YES,YES,NO,YES
ID12261,23,MALE,INNER_CITY,18875.7,YES,2,YES,YES,YES,NO,NO
ID12263,49,FEMALE,TOWN,20708.5,NO,3,NO,NO,YES,NO,NO
ID12264,21,FEMALE,TOWN,7549.38,NO,1,YES,NO,YES,NO,NO
ID12265,40,FEMALE,INNER_CITY,24904,YES,0,NO,NO,NO,NO,NO
ID12266,26,MALE,RURAL,24071.8,YES,1,NO,NO,YES,YES,YES
ID12267,20,MALE,TOWN,9589.91,NO,1,NO,YES,YES,YES,NO
ID12268,24,MALE,INNER_CITY,8562.86,NO,1,NO,NO,NO,YES,NO
ID12269,37,FEMALE,TOWN,26707.5,NO,0,YES,YES,YES,NO,NO
ID12270,56,MALE,INNER_CITY,34020.5,YES,0,NO,NO,YES,NO,NO
ID12271,52,MALE,INNER_CITY,49175.7,YES,0,YES,YES,YES,NO,NO
ID12272,22,MALE,INNER_CITY,19726.3,YES,2,NO,NO,YES,NO,NO
ID12274,34,MALE,RURAL,26999.4,YES,1,YES,YES,YES,NO,YES
ID12275,67,FEMALE,TOWN,41558.1,YES,2,NO,YES,YES,NO,YES
ID12276,58,FEMALE,INNER_CITY,56340.3,NO,0,NO,YES,YES,NO,YES
ID12277,40,MALE,TOWN,37558.5,YES,0,YES,YES,YES,NO,NO
ID12278,41,FEMALE,INNER_CITY,30099.3,YES,0,YES,YES,YES,YES,YES
ID12279,43,MALE,INNER_CITY,15254.8,YES,0,NO,NO,NO,NO,YES
ID12281,22,FEMALE,INNER_CITY,17655,YES,1,NO,YES,YES,YES,YES
ID12284,48,FEMALE,INNER_CITY,18516,YES,2,YES,YES,YES,YES,NO
ID12285,38,FEMALE,INNER_CITY,29622,NO,0,YES,YES,NO,YES,NO
ID12287,20,FEMALE,INNER_CITY,18275.5,YES,0,NO,NO,NO,YES,YES
ID12288,48,FEMALE,TOWN,34410,YES,1,NO,NO,YES,NO,YES
ID12289,38,MALE,INNER_CITY,34866.9,YES,2,YES,NO,YES,YES,NO
ID12290,41,FEMALE,INNER_CITY,21796.6,YES,0,NO,NO,YES,NO,NO
ID12291,67,FEMALE,SUBURBAN,63130.1,YES,2,YES,YES,YES,NO,YES
ID12293,64,FEMALE,RURAL,49024.9,YES,3,NO,YES,YES,NO,YES
ID12294,41,MALE,INNER_CITY,16249.8,YES,0,YES,NO,YES,YES,YES
ID12296,52,MALE,INNER_CITY,17839.9,YES,1,NO,YES,NO,YES,YES
ID12297,30,FEMALE,INNER_CITY,18802.4,NO,0,NO,NO,YES,YES,YES
ID12298,52,MALE,INNER_CITY,48720.3,YES,2,YES,YES,YES,NO,YES
ID12299,26,MALE,INNER_CITY,14585.9,NO,2,NO,NO,YES,YES,NO
ID12301,46,MALE,TOWN,26077.8,YES,1,YES,YES,YES,NO,YES
ID12302,46,FEMALE,TOWN,41627.1,YES,0,NO,YES,YES,YES,NO
ID12303,52,MALE,INNER_CITY,16977.3,YES,0,NO,NO,YES,NO,NO
ID12304,37,MALE,INNER_CITY,19012.8,NO,3,YES,NO,YES,NO,NO
ID12305,22,MALE,INNER_CITY,12764.8,YES,1,NO,YES,YES,YES,YES
ID12307,63,MALE,INNER_CITY,59409.1,NO,0,YES,YES,YES,NO,YES
ID12308,25,FEMALE,INNER_CITY,14960.2,YES,0,NO,YES,YES,YES,NO
ID12309,67,MALE,INNER_CITY,39666.6,YES,0,YES,YES,YES,NO,NO
ID12310,27,MALE,INNER_CITY,20771.9,NO,0,NO,YES,NO,NO,YES
ID12312,58,MALE,TOWN,33123.7,YES,1,YES,YES,YES,NO,YES
ID12313,22,MALE,INNER_CITY,14433.4,YES,0,YES,YES,YES,NO,YES
ID12314,28,MALE,TOWN,13175.5,NO,1,NO,NO,YES,NO,YES
ID12315,23,MALE,INNER_CITY,9824.37,YES,0,NO,YES,YES,NO,NO
ID12316,27,MALE,SUBURBAN,17610.3,YES,0,NO,YES,YES,NO,NO
ID12317,27,FEMALE,SUBURBAN,15156.2,YES,0,YES,NO,YES,NO,NO
ID12319,39,MALE,TOWN,31693.5,NO,0,YES,YES,NO,NO,YES
ID12320,35,FEMALE,INNER_CITY,28598.7,YES,0,YES,YES,YES,NO,NO
ID12321,37,FEMALE,INNER_CITY,26261.7,NO,2,YES,NO,NO,NO,NO
ID12322,47,MALE,INNER_CITY,42124.1,YES,2,NO,YES,YES,NO,YES
ID12324,67,FEMALE,INNER_CITY,43530,YES,0,NO,YES,YES,YES,NO
ID12325,57,MALE,RURAL,49874.4,YES,3,NO,YES,YES,NO,YES
ID12326,47,FEMALE,RURAL,27434.8,NO,0,YES,YES,YES,NO,YES
ID12327,67,MALE,INNER_CITY,50474.6,YES,2,YES,YES,YES,NO,YES
ID12330,27,MALE,INNER_CITY,12279.5,NO,0,YES,NO,NO,NO,YES
ID12333,31,MALE,SUBURBAN,14058.5,YES,0,NO,NO,YES,YES,YES
ID12334,32,FEMALE,TOWN,30404.3,YES,0,YES,YES,YES,NO,NO
ID12336,49,FEMALE,INNER_CITY,16711.3,NO,1,NO,YES,YES,YES,YES
ID12337,65,MALE,TOWN,52255.9,NO,2,YES,YES,YES,NO,YES
ID12338,22,FEMALE,INNER_CITY,17866.9,YES,2,NO,YES,YES,YES,NO
ID12339,26,FEMALE,RURAL,18067.5,YES,2,NO,YES,NO,NO,NO
ID12340,23,MALE,INNER_CITY,12823.7,YES,0,YES,YES,YES,NO,NO
ID12342,59,FEMALE,INNER_CITY,56031.1,NO,0,YES,YES,YES,NO,YES
ID12343,67,MALE,INNER_CITY,35263.5,YES,1,YES,YES,YES,NO,YES
ID12344,34,FEMALE,INNER_CITY,19968.1,YES,0,YES,YES,YES,NO,NO
ID12346,46,MALE,SUBURBAN,37773.9,NO,0,YES,YES,YES,YES,NO
ID12347,23,FEMALE,INNER_CITY,7606.25,NO,3,YES,NO,NO,NO,NO
ID12348,26,MALE,RURAL,21384.4,YES,0,NO,NO,YES,NO,NO
ID12349,40,MALE,TOWN,20347,YES,3,NO,YES,YES,NO,NO
ID12350,36,MALE,TOWN,21332.3,YES,3,YES,NO,YES,NO,NO
ID12351,65,MALE,INNER_CITY,57671.7,NO,0,NO,YES,YES,YES,NO
ID12352,45,FEMALE,TOWN,36057.8,YES,1,YES,YES,YES,YES,YES
ID12353,23,MALE,INNER_CITY,14290.5,YES,2,NO,NO,YES,YES,NO
ID12356,62,FEMALE,INNER_CITY,24262.8,NO,0,YES,NO,YES,NO,YES
ID12358,28,FEMALE,TOWN,23371,YES,2,NO,NO,YES,YES,NO
ID12360,36,MALE,TOWN,12166.9,NO,0,NO,NO,NO,NO,NO
ID12361,22,MALE,SUBURBAN,17180.2,YES,0,NO,YES,YES,NO,NO
ID12363,40,FEMALE,TOWN,21612.2,YES,0,NO,NO,YES,NO,NO
ID12364,60,FEMALE,INNER_CITY,46358.4,YES,0,YES,YES,YES,YES,NO
ID12366,21,MALE,INNER_CITY,17921.8,YES,1,YES,NO,NO,NO,YES
ID12369,63,FEMALE,TOWN,34625.2,YES,0,YES,NO,YES,NO,NO
ID12370,20,MALE,TOWN,16672.8,NO,3,YES,NO,YES,YES,NO
ID12372,62,FEMALE,INNER_CITY,56394.3,NO,0,YES,YES,YES,NO,YES
ID12373,36,MALE,TOWN,13236.4,YES,0,NO,YES,YES,NO,NO
ID12374,31,MALE,INNER_CITY,28409.4,YES,1,YES,NO,YES,NO,YES
ID12375,42,FEMALE,INNER_CITY,27056.5,YES,0,YES,YES,YES,NO,NO
ID12376,18,MALE,RURAL,9362.58,YES,0,YES,NO,YES,YES,YES
ID12378,25,MALE,TOWN,22366.1,YES,1,YES,YES,YES,NO,YES
ID12380,40,MALE,TOWN,36972.4,YES,1,NO,NO,YES,YES,YES
ID12382,18,FEMALE,INNER_CITY,15610.2,YES,0,NO,YES,YES,NO,NO
ID12383,64,MALE,INNER_CITY,54314.5,YES,1,YES,YES,NO,NO,YES
ID12384,43,FEMALE,INNER_CITY,39175.8,YES,3,NO,YES,YES,YES,NO
ID12385,22,FEMALE,INNER_CITY,13739,YES,3,NO,YES,YES,NO,NO
ID12386,25,MALE,TOWN,9485.84,YES,0,NO,NO,NO,NO,NO
ID12387,39,MALE,INNER_CITY,24675.7,YES,1,YES,YES,YES,YES,YES
ID12388,58,FEMALE,INNER_CITY,28253.6,YES,3,NO,NO,YES,NO,NO
ID12389,33,MALE,INNER_CITY,14136.5,YES,1,NO,YES,NO,NO,NO
ID12390,52,FEMALE,RURAL,37162.1,YES,1,YES,YES,YES,NO,YES
ID12391,23,MALE,INNER_CITY,13519.2,NO,0,NO,YES,YES,NO,YES
ID12393,51,MALE,RURAL,46323.8,YES,2,YES,YES,YES,YES,YES
ID12394,26,FEMALE,TOWN,20950.7,YES,0,NO,YES,YES,NO,NO
ID12396,34,MALE,TOWN,32548.9,YES,0,YES,YES,YES,YES,NO
ID12398,18,MALE,RURAL,8639.24,YES,2,NO,NO,NO,NO,NO
ID12399,47,FEMALE,INNER_CITY,17139.5,NO,2,YES,NO,YES,NO,NO
ID12400,24,FEMALE,INNER_CITY,13667.7,YES,0,NO,YES,YES,NO,NO
ID12402,37,FEMALE,TOWN,15349.6,YES,0,NO,YES,NO,NO,NO
ID12403,45,FEMALE,TOWN,29231.4,YES,0,NO,YES,NO,NO,NO
ID12404,49,MALE,RURAL,41462.3,YES,3,NO,YES,YES,YES,NO
ID12406,35,FEMALE,RURAL,11520.8,YES,0,NO,NO,YES,NO,NO
ID12410,28,FEMALE,INNER_CITY,11920.7,NO,1,NO,YES,YES,NO,NO
ID12411,46,MALE,TOWN,30658.7,YES,0,NO,YES,YES,NO,NO
ID12412,66,MALE,INNER_CITY,36646.4,NO,1,NO,YES,YES,NO,YES
ID12413,61,FEMALE,TOWN,30760.4,NO,2,YES,NO,YES,NO,YES
ID12414,18,FEMALE,RURAL,16109.9,NO,2,YES,YES,YES,NO,NO
ID12415,54,FEMALE,TOWN,18036.7,YES,0,YES,YES,NO,NO,NO
ID12418,45,FEMALE,TOWN,37689.1,NO,1,NO,YES,YES,YES,YES
ID12422,35,MALE,RURAL,22882.9,YES,0,YES,NO,NO,YES,YES
ID12423,25,FEMALE,TOWN,11043.7,YES,1,YES,YES,NO,YES,NO
ID12425,36,MALE,SUBURBAN,28495.1,YES,0,NO,YES,YES,NO,NO
ID12426,24,FEMALE,TOWN,9465.21,NO,0,NO,NO,YES,NO,YES
ID12427,39,MALE,INNER_CITY,34852.3,YES,1,NO,YES,NO,YES,YES
ID12429,57,FEMALE,RURAL,50849.2,NO,1,NO,YES,NO,YES,YES
ID12431,66,FEMALE,RURAL,52769.9,YES,3,YES,YES,YES,NO,YES
ID12432,18,FEMALE,INNER_CITY,11601.4,YES,2,NO,YES,YES,YES,NO
ID12435,23,FEMALE,SUBURBAN,21042,YES,1,NO,NO,YES,NO,YES
ID12439,60,MALE,SUBURBAN,37554.1,YES,2,YES,YES,YES,YES,YES
ID12440,20,MALE,INNER_CITY,18184.6,YES,0,NO,NO,YES,YES,YES
ID12442,66,MALE,RURAL,48346.1,YES,1,YES,YES,NO,NO,YES
ID12444,51,FEMALE,INNER_CITY,19416.8,YES,0,NO,YES,YES,NO,NO
ID12445,34,MALE,RURAL,23638.1,YES,2,YES,YES,YES,NO,NO
ID12446,65,FEMALE,TOWN,42378.2,YES,1,NO,YES,YES,NO,YES
ID12448,66,FEMALE,INNER_CITY,45189.8,YES,0,NO,YES,NO,NO,NO
ID12449,63,MALE,INNER_CITY,37930.9,YES,0,NO,YES,NO,YES,NO
ID12450,53,FEMALE,INNER_CITY,24042,NO,1,NO,NO,YES,NO,YES
ID12453,56,FEMALE,RURAL,24607.8,NO,1,NO,YES,YES,YES,NO
ID12454,48,MALE,TOWN,43057,NO,1,YES,YES,YES,NO,YES
ID12455,49,FEMALE,SUBURBAN,30198.5,YES,0,YES,NO,YES,YES,YES
ID12456,54,FEMALE,RURAL,50186.1,YES,2,NO,YES,YES,YES,YES
ID12457,41,FEMALE,SUBURBAN,22916.1,YES,0,NO,NO,YES,NO,NO
ID12458,19,MALE,RURAL,9592.73,NO,0,NO,YES,YES,NO,YES
ID12459,52,FEMALE,INNER_CITY,34253.6,NO,3,YES,NO,YES,NO,NO
ID12460,52,FEMALE,INNER_CITY,22792.3,YES,1,YES,YES,NO,NO,YES
ID12462,56,MALE,TOWN,19918.9,YES,3,NO,YES,YES,YES,NO
ID12463,56,MALE,TOWN,29625.1,YES,2,NO,NO,YES,NO,NO
ID12464,19,FEMALE,TOWN,12549,YES,0,NO,YES,YES,NO,NO
ID12465,56,FEMALE,TOWN,51299.3,YES,1,YES,YES,NO,NO,YES
ID12467,59,FEMALE,INNER_CITY,29866.9,NO,1,YES,NO,YES,NO,YES
ID12469,21,MALE,TOWN,11281.5,YES,0,NO,YES,YES,YES,NO
ID12471,62,MALE,INNER_CITY,46870.4,YES,0,NO,YES,YES,NO,NO
ID12472,44,FEMALE,INNER_CITY,38453.7,NO,2,NO,YES,YES,NO,YES
ID12473,24,FEMALE,INNER_CITY,7756.36,NO,0,NO,NO,NO,NO,YES
ID12474,52,FEMALE,INNER_CITY,28413.8,YES,0,NO,NO,YES,NO,NO
ID12477,58,FEMALE,TOWN,33204.3,NO,1,NO,NO,NO,YES,YES
ID12478,40,MALE,INNER_CITY,24823.5,NO,2,NO,NO,YES,NO,NO
ID12479,19,MALE,SUBURBAN,17986.8,YES,0,NO,NO,YES,YES,YES
ID12484,40,FEMALE,TOWN,34836.8,YES,1,YES,YES,YES,NO,YES
ID12486,57,FEMALE,INNER_CITY,38248.3,NO,3,YES,NO,YES,YES,NO
ID12487,49,MALE,INNER_CITY,15689.1,NO,0,NO,NO,YES,NO,NO
ID12489,29,MALE,INNER_CITY,14642.2,NO,0,YES,NO,YES,NO,YES
ID12492,40,MALE,TOWN,22197.1,NO,0,YES,NO,YES,NO,YES
ID12493,58,FEMALE,TOWN,38248.3,YES,3,YES,YES,NO,NO,NO
ID12494,60,FEMALE,INNER_CITY,22053.2,YES,2,YES,YES,NO,YES,NO
ID12496,67,FEMALE,TOWN,23485.9,YES,3,YES,NO,NO,YES,NO
ID12497,40,MALE,RURAL,25768.6,YES,0,YES,YES,NO,NO,NO
ID12499,64,FEMALE,INNER_CITY,57444.5,NO,1,NO,YES,YES,NO,YES
ID12500,43,MALE,TOWN,38059.8,YES,0,YES,YES,NO,YES,NO
ID12501,34,FEMALE,RURAL,19481.3,NO,0,NO,NO,YES,YES,YES
ID12503,48,MALE,INNER_CITY,38598.4,YES,0,YES,NO,YES,NO,NO
ID12504,35,MALE,INNER_CITY,20754.3,NO,0,NO,NO,NO,YES,YES
ID12505,24,FEMALE,INNER_CITY,13864.6,YES,3,NO,YES,YES,NO,YES
ID12507,52,MALE,SUBURBAN,45856.1,NO,1,NO,YES,YES,NO,YES
ID12509,41,FEMALE,SUBURBAN,21984,YES,1,YES,NO,NO,NO,YES
ID12510,23,MALE,SUBURBAN,11073,YES,2,NO,YES,NO,NO,NO
ID12511,27,FEMALE,INNER_CITY,18158.5,NO,1,YES,NO,YES,YES,YES
ID12513,67,FEMALE,INNER_CITY,58092,NO,2,YES,YES,YES,NO,YES
ID12517,36,MALE,INNER_CITY,12533.2,NO,1,NO,YES,NO,YES,NO
ID12518,31,MALE,RURAL,22848.5,YES,1,YES,NO,NO,NO,YES
ID12519,28,FEMALE,TOWN,25699.4,YES,2,YES,YES,NO,NO,YES
ID12522,49,MALE,INNER_CITY,41438,NO,1,NO,YES,NO,NO,YES
ID12523,22,MALE,INNER_CITY,11411,YES,1,YES,NO,YES,NO,NO
ID12524,58,FEMALE,INNER_CITY,43940.6,YES,0,YES,YES,YES,NO,NO
ID12526,44,FEMALE,RURAL,30488.7,YES,0,NO,YES,YES,NO,NO
ID12528,53,FEMALE,INNER_CITY,32184.4,YES,2,YES,NO,NO,NO,YES
ID12530,35,MALE,RURAL,27863.9,NO,2,NO,YES,YES,YES,NO
ID12532,64,FEMALE,TOWN,58367.3,YES,1,YES,YES,YES,NO,YES
ID12533,46,MALE,TOWN,16849.3,NO,0,YES,YES,YES,YES,NO
ID12535,47,MALE,INNER_CITY,23038.2,YES,0,YES,YES,NO,NO,NO
ID12540,19,MALE,INNER_CITY,15417.1,YES,1,YES,NO,YES,NO,NO
ID12541,40,MALE,INNER_CITY,29414.6,YES,1,NO,YES,NO,YES,YES
ID12542,47,MALE,INNER_CITY,44682.1,YES,0,YES,YES,YES,NO,NO
ID12544,38,MALE,TOWN,33302.8,NO,0,YES,NO,YES,YES,YES
ID12545,21,FEMALE,RURAL,15797.1,YES,0,NO,YES,YES,NO,YES
ID12547,52,FEMALE,TOWN,43719.5,YES,0,NO,YES,YES,NO,NO
ID12550,38,FEMALE,RURAL,34061.4,NO,0,YES,YES,YES,NO,YES
ID12553,59,FEMALE,INNER_CITY,27045.1,NO,0,NO,NO,YES,NO,YES
ID12554,59,FEMALE,RURAL,51284.3,NO,0,YES,YES,YES,YES,NO
ID12555,24,MALE,INNER_CITY,16352.2,NO,0,NO,YES,YES,YES,NO
ID12557,32,FEMALE,TOWN,13267.6,YES,0,YES,YES,YES,YES,NO
ID12558,65,FEMALE,INNER_CITY,61554.6,YES,0,NO,YES,YES,NO,NO
ID12559,18,MALE,SUBURBAN,13700.2,NO,1,NO,YES,YES,NO,NO
ID12562,64,FEMALE,SUBURBAN,24554.1,YES,0,YES,YES,NO,YES,NO
ID12563,23,FEMALE,INNER_CITY,18050,YES,0,YES,NO,YES,YES,YES
ID12564,29,FEMALE,RURAL,15237.6,YES,2,YES,NO,YES,NO,NO
ID12568,34,FEMALE,SUBURBAN,12810.2,NO,3,NO,YES,YES,NO,YES
ID12569,43,MALE,SUBURBAN,15109.4,YES,0,NO,NO,YES,NO,YES
ID12570,63,MALE,TOWN,37414.7,NO,3,YES,YES,YES,NO,NO
ID12571,62,FEMALE,INNER_CITY,41521.6,YES,0,NO,YES,YES,YES,NO
ID12572,51,FEMALE,INNER_CITY,25372.8,YES,0,YES,YES,YES,NO,NO
ID12573,61,MALE,INNER_CITY,21139.8,YES,2,YES,YES,NO,NO,NO
ID12574,41,FEMALE,TOWN,27757.6,NO,0,NO,YES,YES,NO,YES
ID12575,31,FEMALE,TOWN,22678.1,NO,1,YES,YES,YES,YES,YES
ID12576,33,FEMALE,TOWN,12178.5,YES,2,NO,YES,YES,YES,NO
ID12578,40,MALE,INNER_CITY,27417.6,YES,0,NO,YES,YES,YES,NO
ID12581,30,MALE,RURAL,11536.2,YES,2,NO,NO,YES,YES,NO
ID12582,47,MALE,INNER_CITY,44658.6,NO,2,YES,YES,YES,NO,YES
ID12584,23,MALE,RURAL,16403.8,YES,0,YES,YES,NO,NO,NO
ID12588,19,MALE,RURAL,16625.9,YES,1,NO,NO,YES,NO,YES
ID12589,27,FEMALE,TOWN,14014.5,YES,3,NO,YES,NO,NO,NO
ID12591,58,FEMALE,INNER_CITY,31671.3,YES,1,YES,YES,NO,YES,YES
ID12592,46,FEMALE,TOWN,17149.2,NO,1,YES,YES,YES,NO,YES
ID12593,61,FEMALE,TOWN,27756.3,YES,0,YES,YES,NO,YES,YES
ID12594,59,MALE,INNER_CITY,40949.9,NO,0,NO,YES,YES,NO,YES
ID12595,47,FEMALE,RURAL,43743.2,YES,3,NO,YES,YES,NO,NO
ID12596,44,MALE,INNER_CITY,38459.9,YES,0,NO,NO,NO,YES,YES
ID12597,50,MALE,TOWN,40972.9,NO,2,YES,YES,YES,YES,YES
ID12598,64,MALE,INNER_CITY,46587.9,NO,0,NO,YES,YES,NO,YES
ID12600,46,FEMALE,TOWN,18912.2,YES,0,YES,NO,YES,NO,YES
ID12603,32,FEMALE,TOWN,26325.3,YES,0,YES,NO,NO,NO,NO
ID12604,22,FEMALE,INNER_CITY,15308.2,NO,0,YES,YES,YES,YES,NO
ID12605,63,FEMALE,INNER_CITY,59805.6,YES,1,YES,YES,YES,NO,YES
ID12606,35,FEMALE,TOWN,28658.3,YES,0,YES,YES,YES,NO,NO
ID12607,59,FEMALE,INNER_CITY,23175,YES,0,NO,NO,NO,YES,YES
ID12608,22,FEMALE,SUBURBAN,11595.4,NO,0,YES,YES,YES,NO,YES
ID12609,60,MALE,SUBURBAN,50409.9,NO,2,NO,YES,YES,YES,YES
ID12611,29,FEMALE,TOWN,13327.8,YES,0,NO,YES,NO,NO,NO
ID12612,44,MALE,INNER_CITY,16088.8,YES,3,NO,YES,YES,NO,NO
ID12613,63,FEMALE,TOWN,43943,YES,0,YES,YES,YES,YES,NO
ID12614,25,FEMALE,RURAL,14505.3,NO,3,NO,YES,YES,NO,NO
ID12615,37,MALE,INNER_CITY,33886.4,NO,0,YES,YES,NO,NO,YES
ID12616,48,FEMALE,INNER_CITY,16662.5,YES,1,NO,YES,YES,NO,YES
ID12618,51,MALE,TOWN,33615.4,YES,1,NO,YES,NO,YES,YES
ID12619,27,FEMALE,TOWN,22007.1,NO,3,NO,NO,YES,NO,NO
ID12620,56,FEMALE,INNER_CITY,28981.1,YES,3,YES,YES,YES,YES,NO
ID12621,38,FEMALE,INNER_CITY,12163.9,YES,2,YES,NO,YES,NO,YES
ID12622,36,FEMALE,TOWN,17247.7,YES,2,YES,YES,YES,NO,NO
ID12624,34,FEMALE,TOWN,16291,YES,0,YES,YES,NO,YES,NO
ID12625,44,MALE,SUBURBAN,18707.3,YES,0,YES,YES,YES,YES,YES
ID12628,21,FEMALE,TOWN,10672,NO,1,NO,YES,YES,YES,NO
ID12629,30,FEMALE,INNER_CITY,25830.5,YES,2,NO,NO,YES,NO,NO
ID12630,55,MALE,RURAL,43499.5,YES,1,YES,YES,YES,NO,NO
ID12632,36,FEMALE,INNER_CITY,27642.9,NO,1,YES,NO,NO,NO,YES
ID12633,59,MALE,INNER_CITY,30067.5,NO,1,NO,YES,YES,NO,YES
ID12634,60,MALE,INNER_CITY,29714.4,YES,0,YES,NO,YES,YES,YES
ID12636,29,MALE,INNER_CITY,10072.6,YES,0,NO,NO,YES,NO,NO
ID12637,53,FEMALE,INNER_CITY,37850.6,NO,1,NO,YES,YES,NO,YES
ID12638,61,FEMALE,RURAL,57176.4,NO,2,NO,YES,YES,NO,YES
ID12639,43,FEMALE,INNER_CITY,38784,YES,0,NO,YES,YES,NO,NO
ID12640,19,MALE,INNER_CITY,10191.8,YES,0,NO,YES,YES,YES,YES
ID12641,48,FEMALE,INNER_CITY,21821.4,YES,1,YES,YES,NO,YES,YES
ID12643,32,MALE,INNER_CITY,14627.9,YES,2,YES,YES,YES,NO,NO
ID12644,63,MALE,SUBURBAN,48770.5,YES,1,YES,YES,NO,YES,YES
ID12645,46,MALE,RURAL,21096.2,YES,1,YES,YES,YES,NO,YES
ID12646,40,MALE,INNER_CITY,36256.9,NO,0,NO,NO,YES,YES,YES
ID12647,27,FEMALE,INNER_CITY,15281.8,NO,0,YES,NO,NO,YES,YES
ID12651,23,FEMALE,INNER_CITY,8020.19,YES,1,YES,NO,YES,NO,NO
ID12652,58,MALE,SUBURBAN,32245.4,YES,3,NO,NO,NO,NO,NO
ID12654,49,FEMALE,SUBURBAN,39358.3,YES,0,YES,NO,NO,YES,NO
ID12658,41,MALE,RURAL,25132.9,YES,0,NO,NO,YES,NO,NO
ID12659,38,FEMALE,SUBURBAN,31290.6,YES,0,NO,YES,YES,NO,NO
ID12660,67,FEMALE,SUBURBAN,24858.4,YES,0,NO,NO,YES,YES,YES
ID12663,57,FEMALE,RURAL,50897.6,YES,0,NO,YES,YES,NO,NO
ID12664,32,FEMALE,INNER_CITY,22446.5,NO,1,NO,NO,YES,YES,YES
ID12665,44,MALE,SUBURBAN,23092.1,YES,0,YES,NO,YES,YES,YES
ID12667,43,MALE,TOWN,22234.7,YES,0,NO,NO,YES,YES,NO
ID12668,19,FEMALE,INNER_CITY,17371.1,YES,2,YES,YES,YES,NO,NO
ID12669,37,FEMALE,TOWN,29574,YES,0,YES,YES,YES,NO,NO
ID12670,49,MALE,INNER_CITY,17944.2,NO,1,YES,YES,YES,YES,YES
ID12671,49,FEMALE,RURAL,33665.5,NO,3,YES,NO,YES,NO,NO
ID12672,40,MALE,INNER_CITY,36166.2,YES,0,NO,NO,NO,NO,NO
ID12673,33,FEMALE,SUBURBAN,27712.9,NO,2,NO,YES,YES,NO,YES
ID12674,39,MALE,TOWN,22400.7,YES,2,YES,YES,YES,NO,NO
ID12676,37,MALE,TOWN,30488,YES,0,NO,YES,YES,YES,NO
ID12678,62,MALE,TOWN,45342.5,YES,0,YES,YES,NO,NO,YES
ID12680,47,FEMALE,TOWN,25127.7,YES,0,YES,NO,NO,NO,NO
ID12681,63,MALE,SUBURBAN,51879.3,YES,2,YES,YES,NO,YES,YES
ID12683,46,FEMALE,TOWN,21984.4,NO,3,NO,YES,NO,NO,NO
ID12684,47,FEMALE,RURAL,29093.1,NO,2,YES,YES,YES,NO,NO
ID12685,33,MALE,TOWN,23528.4,YES,1,NO,YES,YES,YES,YES
ID12686,20,MALE,TOWN,9516.91,NO,3,YES,YES,YES,NO,NO
ID12688,43,FEMALE,TOWN,31273.8,NO,1,YES,YES,NO,NO,YES
ID12689,58,MALE,RURAL,49673.6,YES,0,NO,YES,YES,NO,NO
